City_ID,City,Lat,Lng,Max Temp,Humidity,Cloudiness,Wind Speed,Country,Date
0,sisimiut,66.9395,-53.6735,-6.39,78,100,2.61,GL,1712801914
1,pakpattan,30.341,73.3866,25.81,18,18,3.28,PK,1712801914
2,puerto natales,-51.7236,-72.4875,2.7,90,8,2.34,CL,1712801838
3,isafjordur,66.0755,-23.124,-3.74,88,92,1.86,IS,1712801914
4,nova sintra,14.8667,-24.7167,22.57,77,11,9.83,CV,1712801914
5,port mathurin,-19.6833,63.4167,26.72,78,31,4.87,MU,1712801915
6,alofi,-19.0595,-169.9187,29.94,70,75,6.17,NU,1712801722
7,massaguet,12.4755,15.4365,28.19,7,19,4.76,TD,1712801915
8,hovd,48.0056,91.6419,8.87,33,83,3.69,MN,1712801915
9,san antonio de pale,-1.4014,5.6325,28.16,81,100,3.85,GQ,1712801915
10,ribeira brava,32.65,-17.0667,20.62,19,3,4.79,PT,1712801915
11,kodiak,57.79,-152.4072,2.73,52,20,4.12,US,1712801915
12,mandiana,10.6333,-8.6833,26.43,64,100,1.92,GN,1712801915
13,albany,42.6001,-73.9662,12.18,95,100,1.28,US,1712801723
14,tralee,52.2704,-9.7026,10.39,96,29,2.81,IE,1712801916
15,edinburgh of the seven seas,-37.0676,-12.3116,17.86,80,100,2.25,SH,1712801916
16,arauco,-37.2463,-73.3175,11.33,67,18,1.24,CL,1712801916
17,tiksi,71.6872,128.8694,-13.73,87,98,2.94,RU,1712801916
18,adamstown,-25.066,-130.1015,21.89,88,100,10.32,PN,1712801916
19,ribeira grande,38.5167,-28.7,17.65,100,75,9.26,PT,1712801916
20,tongliao,43.6125,122.2653,15.94,43,0,5.87,CN,1712801916
21,tura,25.5198,90.2201,29.59,25,100,0.48,IN,1712801916
22,bubaque,11.2833,-15.8333,23.86,74,1,7.05,GW,1712801917
23,san antonio oeste,-40.7319,-64.9477,11.19,61,100,2.71,AR,1712801917
24,cidreira,-30.1811,-50.2056,22.16,76,100,3.47,BR,1712801856
25,hopelchen,19.7667,-89.85,25.24,87,99,4.34,MX,1712801917
26,waitangi,-43.9535,-176.5597,17.68,86,100,5.36,NZ,1712801917
27,stanley,54.868,-1.6985,13.01,87,40,7.72,GB,1712801705
28,udachny,66.4167,112.4,-24.75,93,82,7.94,RU,1712801917
29,fale old settlement,-9.3852,-171.2468,30.06,73,24,3.24,TK,1712801917
30,mudbidri,13.0833,74.9833,26.79,89,20,2.06,IN,1712801918
31,katsuura,35.1333,140.3,15.36,60,67,4.42,JP,1712801918
32,i-n-salah,27.1935,2.4607,22.88,32,0,9.21,DZ,1712801918
33,port lincoln,-34.7333,135.8667,16.53,64,98,3.73,AU,1712801918
34,lebu,-37.6167,-73.65,11.89,72,94,1.22,CL,1712801843
35,rockport,28.0206,-97.0544,25.01,58,0,6.69,US,1712801619
36,lae,-6.7221,146.9847,28.28,67,93,2.92,PG,1712801918
37,nampula,-15.1165,39.2666,21.89,90,96,1.23,MZ,1712801919
38,lata,40.1629,-8.3327,12.18,79,100,1.91,PT,1712801919
39,qamdo,31.1667,97.2333,0.34,54,48,1.66,CN,1712801919
40,talnakh,69.4865,88.3972,-26.49,99,91,1.74,RU,1712801919
41,chandler,33.3062,-111.8412,28.11,14,0,2.06,US,1712801644
42,tazovsky,67.4667,78.7,-27.97,99,69,2.24,RU,1712801877
43,enewetak,11.3474,162.3373,27.1,80,100,10.02,MH,1712801919
44,timaru,-44.4,171.25,19.48,77,100,2.68,NZ,1712801919
45,hasaki,35.7333,140.8333,17.22,56,100,4.0,JP,1712801919
46,ilulissat,69.2167,-51.1,-9.99,67,75,1.54,GL,1712801920
47,nabire,-3.3667,135.4833,24.49,96,100,0.98,ID,1712801920
48,aasiaat,68.7098,-52.8699,-9.33,82,100,1.62,GL,1712801920
49,khandyga,62.6667,135.6,-1.39,85,80,2.38,RU,1712801920
50,lazaro cardenas,17.9583,-102.2,23.49,80,30,3.19,MX,1712801920
51,pecanha,-18.5486,-42.5569,20.12,91,1,1.2,BR,1712801686
52,petropavlovsk-kamchatsky,53.0452,158.6483,4.33,70,20,16.09,RU,1712801920
53,yuzhno-kurilsk,44.0306,145.8556,4.65,76,100,4.0,RU,1712801920
54,la'ie,21.6477,-157.9253,27.98,77,60,3.13,US,1712801920
55,san borja,-14.8167,-66.85,25.16,90,100,1.34,BO,1712801830
56,aliaga,15.5167,120.8667,32.72,42,96,0.89,PH,1712801921
57,grytviken,-54.2811,-36.5092,1.18,95,32,6.53,GS,1712801921
58,polyarnyy,69.1989,33.4478,2.67,93,100,8.56,RU,1712801921
59,roswell,34.0232,-84.3616,17.88,93,100,5.14,US,1712801716
60,alice springs,-23.7,133.8833,22.34,30,5,6.17,AU,1712801921
61,vieux-habitants,16.0589,-61.7659,26.51,77,11,4.14,GP,1712801921
62,hermanus,-34.4187,19.2345,14.33,72,3,8.17,ZA,1712801921
63,hawaiian paradise park,19.5933,-154.9731,24.93,81,75,4.63,US,1712801922
64,constantia,44.1833,28.65,11.5,60,0,3.89,RO,1712801922
65,niort,46.3333,-0.3333,11.21,92,100,1.8,FR,1712801922
66,cabo san lucas,22.8909,-109.9124,22.64,44,20,3.6,MX,1712801828
67,susuman,62.7833,148.1667,-12.23,77,71,1.34,RU,1712801922
68,thompson,55.7435,-97.8558,7.09,57,75,3.09,CA,1712801922
69,bredasdorp,-34.5322,20.0403,14.74,67,23,5.74,ZA,1712801922
70,cockburn town,21.4612,-71.1419,25.03,71,100,11.05,TC,1712801706
71,west island,-12.1568,96.8225,27.99,69,40,5.14,CC,1712801922
72,punta arenas,-53.15,-70.9167,6.06,75,20,8.75,CL,1712801657
73,lamu,-2.2717,40.902,28.12,86,99,2.41,KE,1712801923
74,honefoss,60.168,10.2565,5.84,93,100,1.94,NO,1712801923
75,jalgaon jamod,21.0486,76.5344,25.74,55,100,8.85,IN,1712801923
76,conceicao da barra,-18.5933,-39.7322,24.69,87,1,1.7,BR,1712801923
77,yellowknife,62.456,-114.3525,-0.33,92,8,4.92,CA,1712801923
78,codrington,-38.2667,141.9667,15.04,63,100,4.58,AU,1712801923
79,egilsstadir,65.2653,-14.3948,1.95,80,75,1.54,IS,1712801923
80,brookings,44.3114,-96.7984,10.19,70,40,4.63,US,1712801924
81,emerald,-23.5333,148.1667,25.19,27,0,5.83,AU,1712801760
82,labrador city,52.9463,-66.9114,-1.57,44,0,2.24,CA,1712801924
83,mount gambier,-37.8333,140.7667,14.89,59,100,2.97,AU,1712801752
84,port-aux-francais,-49.35,70.2167,6.93,95,100,6.4,TF,1712801924
85,pacific grove,36.6177,-121.9166,19.14,80,0,2.06,US,1712801824
86,oriximina,-1.7656,-55.8661,24.7,96,26,1.22,BR,1712801924
87,westfield,42.1251,-72.7495,15.1,89,100,2.57,US,1712801740
88,mhangura,-16.8939,30.1683,18.61,96,100,2.13,ZW,1712801924
89,lihue,21.9789,-159.3672,27.58,75,100,5.14,US,1712801924
90,ulladulla,-35.35,150.4667,20.43,51,0,4.98,AU,1712801925
91,karystos,38.0133,24.4161,18.44,58,0,5.65,GR,1712801925
92,soria,41.6667,-2.6667,8.39,79,82,1.55,ES,1712801925
93,barra de santo antonio,-9.4047,-35.5072,25.6,78,100,1.27,BR,1712801925
94,bikenibeu village,1.3673,173.1241,30.98,74,40,4.12,KI,1712801925
95,olonkinbyen,70.9221,-8.7187,-7.1,71,100,5.34,SJ,1712801925
96,malibu,34.005,-118.8101,27.36,88,0,2.24,US,1712801678
97,novyy urengoy,66.0833,76.6333,-25.38,98,78,2.32,RU,1712801925
98,okhotsk,59.3833,143.3,-0.99,75,10,4.66,RU,1712801925
99,dudinka,69.4058,86.1778,-28.0,100,100,1.24,RU,1712801926
100,college,64.8569,-147.8028,9.18,44,20,2.57,US,1712801926
101,east london,-33.0153,27.9116,16.03,75,66,5.59,ZA,1712801926
102,kuanda,56.3161,116.0806,-1.84,76,100,0.48,RU,1712801926
103,murghob,38.1702,73.9667,-6.25,72,81,2.53,TJ,1712801926
104,lesnikovo,55.2822,65.3175,-0.21,76,20,1.77,RU,1712801926
105,odessa,46.4775,30.7326,15.05,61,0,4.0,UA,1712801926
106,salinas,36.6777,-121.6555,22.34,67,0,3.6,US,1712801835
107,kristiansund,63.1115,7.732,3.36,87,40,3.09,NO,1712801894
108,st. john's,47.5649,-52.7093,-0.68,85,100,5.66,CA,1712801908
109,hede,33.7681,120.2517,18.9,54,4,4.29,CN,1712801927
110,ganye,8.4333,12.0667,28.14,42,99,1.14,NG,1712801927
111,nemuro,43.3236,145.575,5.42,65,3,5.5,JP,1712801658
112,leava,-14.3,-178.1667,29.32,78,93,5.67,WF,1712801927
113,"laikit, laikit ii (dimembe)",1.4792,124.9735,29.47,66,40,2.57,ID,1712801927
114,utrik,11.2278,169.8474,26.6,79,97,10.42,MH,1712801927
115,saipan,15.1355,145.701,32.39,58,40,8.75,MP,1712801927
116,pedernales,18.0384,-71.744,27.11,68,9,3.56,DO,1712801927
117,waat,51.1454,6.4958,11.49,72,20,2.06,DE,1712801927
118,arar,30.9753,41.0381,15.01,55,0,2.06,SA,1712801928
119,davydovka,51.1578,39.4292,14.51,75,5,0.6,RU,1712801928
120,puerto ayora,-0.7393,-90.3518,25.31,99,81,1.97,EC,1712801928
121,sirjan,29.452,55.6814,16.49,51,63,1.06,IR,1712801928
122,invercargill,-46.4,168.35,9.45,98,100,3.58,NZ,1712801928
123,kayangel,8.0823,134.7173,28.17,77,45,6.63,PW,1712801928
124,port elizabeth,-33.918,25.5701,15.17,81,40,3.09,ZA,1712801928
125,tazacorte,28.629,-17.9293,20.54,56,100,4.12,ES,1712801928
126,port alfred,-33.5906,26.891,16.05,69,51,5.98,ZA,1712801929
127,mount isa,-20.7333,139.5,24.87,27,2,5.66,AU,1712801929
128,bilibino,68.0546,166.4372,-11.29,74,10,0.9,RU,1712801929
129,yuncheng,35.0231,110.9928,22.21,41,40,0.94,CN,1712801376
130,ushuaia,-54.8,-68.3,6.81,76,20,10.29,AR,1712801745
131,blackmans bay,-43.0167,147.3167,15.29,60,47,0.45,AU,1712801929
132,avarua,-21.2078,-159.775,29.03,79,40,8.75,CK,1712801929
133,pahrump,36.2083,-115.9839,25.14,19,12,0.45,US,1712801842
134,menongue,-14.6585,17.691,18.26,97,89,2.07,AO,1712801930
135,flying fish cove,-10.4217,105.6791,27.82,78,40,4.12,CX,1712801722
136,el granada,37.5027,-122.4694,23.62,76,0,9.77,US,1712801930
137,bethel,41.3712,-73.414,14.19,81,100,0.89,US,1712801930
138,anadyr,64.75,177.4833,-7.72,72,75,10.0,RU,1712801930
139,klaksvik,62.2266,-6.589,7.51,98,100,7.54,FO,1712801930
140,zaozersk,69.4005,32.4476,2.54,94,100,7.02,RU,1712801930
141,blagoveshchensk,50.2667,127.5333,12.34,28,0,4.0,RU,1712801931
142,saint-philippe,-21.3585,55.7679,23.77,82,66,4.7,RE,1712801931
143,concordia,-31.393,-58.0209,17.1,74,100,4.02,AR,1712801705
144,darwin,-12.4611,130.8418,29.99,39,0,5.66,AU,1712801408
145,mount pearl,47.5166,-52.7813,-1.14,84,100,5.14,CA,1712801768
146,cushing,35.9851,-96.767,13.0,67,0,2.06,US,1712801868
147,timimoun,29.2639,0.231,20.21,24,0,6.69,DZ,1712801931
148,padang,-0.9492,100.3543,30.03,76,100,1.62,ID,1712801663
149,shimoda,34.6667,138.95,15.61,64,93,5.04,JP,1712801931
150,hammerfest,70.6634,23.6821,3.25,100,100,3.09,NO,1712801931
151,kirkland lake,48.1446,-80.0377,4.16,81,16,0.51,CA,1712801932
152,afaahiti,-17.75,-149.2833,29.93,83,100,7.99,PF,1712801932
153,iskateley,67.6803,53.1512,-8.88,93,100,7.15,RU,1712801932
154,nelson bay,-32.7167,152.15,22.27,63,100,5.81,AU,1712801932
155,oppdal,62.5943,9.6912,-2.6,82,93,2.92,NO,1712801932
156,wailua homesteads,22.0669,-159.378,27.24,80,100,5.14,US,1712801932
157,luderitz,-26.6481,15.1594,20.6,51,0,4.19,NA,1712801932
158,olavarria,-36.8927,-60.3225,8.43,62,99,3.29,AR,1712801874
159,along,28.1667,94.7667,20.52,53,1,0.8,IN,1712801933
160,torghay,49.6339,63.4981,6.39,67,100,5.86,KZ,1712801933
161,iqaluit,63.7506,-68.5145,-3.15,86,100,4.12,CA,1712801863
162,praia da vitoria,38.7333,-27.0667,17.14,94,75,6.57,PT,1712801933
163,argo,37.6333,22.7333,15.31,51,100,2.37,GR,1712801933
164,vanimo,-2.6741,141.3028,28.74,73,100,1.2,PG,1712801933
165,guardo,42.7897,-4.8482,4.81,86,33,1.8,ES,1712801933
166,weno,7.4515,151.8468,26.97,100,100,5.14,FM,1712801933
167,copala,16.65,-98.9833,25.12,79,100,2.18,MX,1712801933
168,kattivakkam,13.2167,80.3167,30.63,70,87,2.47,IN,1712801933
169,bijnor,29.3667,78.1333,25.67,11,51,2.15,IN,1712801934
170,geraldton,-28.7667,114.6,28.23,30,2,7.72,AU,1712801934
171,jamestown,42.097,-79.2353,14.8,69,100,2.06,US,1712801853
172,kerikeri,-35.2268,173.9474,21.06,93,100,7.93,NZ,1712801934
173,saynshand,44.8824,110.1163,16.89,21,100,8.3,MN,1712801934
174,guerrero negro,27.9769,-114.0611,19.02,57,1,6.75,MX,1712801934
175,merowe,18.4833,31.8167,21.39,18,7,5.16,SD,1712801837
176,kapa'a,22.0752,-159.319,27.99,80,100,5.14,US,1712801934
177,kone,-21.0595,164.8658,24.13,97,100,1.94,NC,1712801934
178,fort bragg,35.139,-79.006,21.01,72,0,4.63,US,1712801935
179,ust-nera,64.5667,143.2,-6.41,84,100,4.02,RU,1712801935
180,ust'-kut,56.7938,105.7672,0.8,87,100,4.47,RU,1712801935
181,uturoa,-16.7333,-151.4333,29.28,76,30,8.15,PF,1712801935
182,atafu village,-8.5421,-172.5159,30.01,73,46,4.05,TK,1712801935
183,rayadrug,14.7,76.8667,27.69,48,26,2.92,IN,1712801935
184,haiku-pauwela,20.9219,-156.3051,28.01,63,20,7.2,US,1712801935
185,la ronge,55.1001,-105.2842,6.14,65,75,7.72,CA,1712801936
186,fairwood,47.4484,-122.1573,14.38,53,0,2.57,US,1712801936
187,akjoujt,19.6969,-14.4164,26.8,13,0,2.24,MR,1712801936
188,sidon,33.5631,35.3689,15.73,79,5,4.1,LB,1712801643
189,umea,63.8284,20.2597,5.96,61,94,6.17,SE,1712801737
190,az zubayr,30.3945,47.7011,18.92,68,0,5.14,IQ,1712801936
191,vilyuchinsk,52.9306,158.4028,5.15,75,40,17.11,RU,1712801936
192,lyantor,61.6195,72.1555,-14.04,94,99,3.52,RU,1712801936
193,margaret river,-33.95,115.0667,20.54,45,100,4.1,AU,1712801936
194,palu,-0.8917,119.8707,30.57,71,79,1.55,ID,1712801937
195,namsos,64.4662,11.4957,3.95,87,68,5.14,NO,1712801937
196,saldanha,-33.0117,17.9442,15.03,75,0,6.72,ZA,1712801937
197,hadibu,12.65,54.0333,26.51,79,0,2.94,YE,1712801937
198,teknaf,20.8624,92.3058,29.21,42,3,0.18,BD,1712801937
199,stutterheim,-32.5708,27.424,9.15,93,88,2.95,ZA,1712801937
200,saint-francois,46.4154,3.9054,2.03,99,29,1.03,FR,1712801937
201,new norfolk,-42.7826,147.0587,15.95,43,51,1.15,AU,1712801937
202,saudarkrokur,65.7461,-19.6394,-2.57,81,100,2.66,IS,1712801937
203,vyshniy volochek,57.5913,34.5645,13.02,80,100,4.87,RU,1712801937
204,naze,28.3667,129.4833,19.4,61,77,1.87,JP,1712801938
205,ipsala,40.9212,26.3827,8.89,69,0,3.39,TR,1712801938
206,fortuna,40.5982,-124.1573,12.74,89,75,5.66,US,1712801938
207,blois,47.5833,1.3333,12.21,95,100,2.17,FR,1712801938
208,shawinigan,46.5668,-72.7491,8.27,65,100,2.57,CA,1712801921
209,misratah,32.3754,15.0925,16.78,66,100,5.42,LY,1712801938
210,moorhead,46.8739,-96.7676,9.98,75,0,5.14,US,1712801711
211,oltinko'l,40.8011,72.1634,16.69,44,4,1.91,UZ,1712801938
212,rongelap,11.1635,166.8941,26.72,76,100,10.32,MH,1712801939
213,kavaratti,10.5669,72.642,28.83,71,100,3.92,IN,1712801939
214,kyabe,9.4515,18.9449,31.66,18,95,0.67,TD,1712801939
215,tinajo,29.0788,-13.7081,24.49,38,100,8.75,ES,1712801939
216,sinabang,2.4803,96.3801,28.71,75,100,0.89,ID,1712801939
217,farsan,32.2569,50.561,9.02,77,0,2.88,IR,1712801939
218,taltal,-25.4,-70.4833,18.04,85,91,1.93,CL,1712801834
219,nar'yan-mar,67.6713,53.087,-8.83,93,100,7.15,RU,1712801939
220,morioka,39.7036,141.1525,12.22,60,99,3.06,JP,1712801939
221,ca mau,9.1769,105.15,33.55,49,0,6.78,VN,1712801940
222,hithadhoo,-0.6,73.0833,29.72,69,100,3.63,MV,1712801940
223,ingeniero luis a. huergo,-39.0833,-67.2333,11.61,22,100,4.15,AR,1712801940
224,berriane,32.8265,3.7669,15.45,31,4,3.93,DZ,1712801940
225,baardheere,2.3446,42.2764,27.46,77,58,3.53,SO,1712801940
226,belmonte,-15.8631,-38.8828,24.71,90,7,0.79,BR,1712801940
227,dewas,22.9667,76.0667,24.1,51,95,5.31,IN,1712801940
228,santiago de cao,-7.9589,-79.2392,21.07,83,40,5.14,PE,1712801940
229,ta`u,-14.2336,-169.5144,29.24,76,26,4.09,AS,1712801940
230,georgetown,5.4112,100.3354,29.97,74,20,2.57,MY,1712801851
231,tubarjal,30.4999,38.216,14.17,69,0,3.32,SA,1712801941
232,nazarovo,56.0064,90.3914,-4.65,66,82,2.54,RU,1712801941
233,whitehorse,60.7161,-135.0538,6.43,35,40,5.14,CA,1712801941
234,panjab,34.388,67.0233,0.34,78,0,1.19,AF,1712801941
235,tutoia,-2.7619,-42.2744,25.16,92,100,0.48,BR,1712801941
236,hamilton,39.1834,-84.5333,16.9,96,100,4.63,US,1712801421
237,beloyarskiy,63.7119,66.6722,-17.22,95,45,1.34,RU,1712801942
238,badger,64.8,-147.5333,9.14,45,20,2.57,US,1712801942
239,myanaung,18.2833,95.3167,33.39,36,1,2.94,MM,1712801942
240,sosnogorsk,63.6023,53.8817,-1.37,97,100,2.68,RU,1712801942
241,verkhnevilyuysk,63.4453,120.3167,-4.53,93,100,4.78,RU,1712801942
242,jayapura,-2.5333,140.7,29.66,63,82,1.46,ID,1712801942
243,tete,-16.1564,33.5867,28.05,69,40,2.57,MZ,1712801942
244,portland,45.5234,-122.6762,18.32,45,40,3.09,US,1712801905
245,richards bay,-28.783,32.0377,19.24,81,94,9.15,ZA,1712801943
246,vila velha,-20.3297,-40.2925,24.41,96,40,1.03,BR,1712801924
247,waingapu,-9.6567,120.2641,29.07,71,99,5.95,ID,1712801943
248,papatowai,-46.5619,169.4708,9.33,97,100,6.8,NZ,1712801943
249,remire-montjoly,4.9167,-52.2667,28.02,83,75,3.6,GF,1712801943
250,gebeit,21.0667,36.3167,16.48,65,31,2.11,SD,1712801943
251,queenstown,-31.8976,26.8753,9.27,83,76,2.36,ZA,1712801319
252,usinsk,65.9939,57.5281,-11.63,90,100,5.36,RU,1712801943
253,hilo,19.7297,-155.09,26.82,74,75,4.63,US,1712801944
254,callao,-12.0667,-77.15,25.4,73,0,5.14,PE,1712801866
255,rio san juan,19.6439,-70.0763,23.92,74,31,5.83,DO,1712801707
256,urengoy,65.9667,78.3667,-24.42,97,66,1.99,RU,1712801944
257,yur'yev-pol'skiy,56.5,39.6833,10.36,93,100,5.96,RU,1712801944
258,belomorsk,64.5232,34.7668,5.78,92,100,6.12,RU,1712801944
259,kudat,6.8837,116.8477,29.44,68,93,5.25,MY,1712801944
260,tshikapa,-6.4167,20.8,22.28,95,100,1.28,CD,1712801944
261,puerto baquerizo moreno,-0.9,-89.6,25.61,85,12,2.01,EC,1712801944
262,novopavlovsk,43.9622,43.6342,10.67,94,100,1.58,RU,1712801944
263,barbezieux-saint-hilaire,45.4726,-0.1522,9.49,87,100,1.81,FR,1712801945
264,tacna,-18.0056,-70.2483,18.11,77,75,1.03,PE,1712801317
265,sathyamangalam,11.5167,77.25,26.5,69,67,1.15,IN,1712801945
266,tikapur,28.5,81.1333,26.41,13,0,2.95,NP,1712801945
267,ayr,55.4627,-4.6339,12.4,94,75,10.29,GB,1712801945
268,yemva,62.59,50.8594,1.63,99,100,4.55,RU,1712801945
269,kalkaman,51.9525,76.0211,3.13,96,100,2.57,KZ,1712801945
270,margate,51.3813,1.3862,12.71,92,100,3.13,GB,1712801945
271,bonthe,7.5264,-12.505,25.53,91,100,1.56,SL,1712801945
272,shahba,32.8551,36.629,9.21,93,47,4.61,SY,1712801946
273,shalqar,47.8333,59.6,9.24,86,100,7.01,KZ,1712801946
274,melekeok village,7.4957,134.6367,31.31,70,75,4.63,PW,1712801946
275,brigantine,39.4101,-74.3646,16.22,87,0,2.06,US,1712801681
276,al hazm,16.1641,44.7769,26.66,48,19,4.29,YE,1712801946
277,kailua-kona,19.6406,-155.9956,27.21,73,40,4.12,US,1712801736
278,jiaojiang,28.6803,121.4428,19.04,78,90,0.7,CN,1712801946
279,lubuklinggau,-3.3,102.8667,24.1,94,100,0.38,ID,1712801803
280,nicoresti,45.9322,27.3087,13.19,45,1,3.55,RO,1712801946
281,chonchi,-42.6128,-73.8092,7.29,79,0,0.66,CL,1712801847
282,port douglas,-16.4833,145.4667,26.73,67,100,6.47,AU,1712801947
283,island harbour,50.724,-1.2758,12.39,94,100,3.13,GB,1712801947
284,rovaniemi,66.5,25.7167,1.67,100,100,6.17,FI,1712801947
285,yeppoon,-23.1333,150.7333,25.88,52,0,3.05,AU,1712801947
286,magistral'nyy,56.1725,107.4458,2.43,95,100,3.21,RU,1712801947
287,salekhard,66.53,66.6019,-28.67,100,99,0.89,RU,1712801947
288,imbituba,-28.24,-48.6703,20.82,94,100,2.93,BR,1712801947
289,ratnagiri,16.9833,73.3,26.65,61,36,1.49,IN,1712801947
290,kapuskasing,49.4169,-82.4331,3.05,87,0,2.06,CA,1712801948
291,lorengau,-2.0226,147.2712,28.73,74,100,2.49,PG,1712801948
292,gorontalo,0.5412,123.0595,32.18,50,87,1.0,ID,1712801948
293,sibut,5.718,19.0739,25.15,66,81,1.15,CF,1712801948
294,chilliwack,49.1747,-121.9443,14.17,54,100,0.51,CA,1712801948
295,longyearbyen,78.2186,15.6401,-15.09,72,20,2.57,SJ,1712801948
296,mirny,62.5353,113.9611,-12.09,83,100,3.58,RU,1712801948
297,riversdale,18.1659,-76.9642,27.92,93,18,1.91,JM,1712801949
298,nyurba,63.2842,118.3319,-7.5,89,100,5.02,RU,1712801949
299,flin flon,54.7682,-101.865,5.18,77,100,4.15,CA,1712801949
300,klyuchi,52.2667,79.1667,2.63,98,100,1.97,RU,1712801949
301,muisne,0.6,-80.0333,24.99,84,66,2.62,EC,1712801949
302,neka,36.6508,53.299,11.73,100,100,2.06,IR,1712801949
303,aykhal,66.0,111.5,-24.04,94,100,9.04,RU,1712801949
304,osternienburger land,51.8015,12.0257,7.42,72,39,3.12,DE,1712801949
305,charlottetown,46.2352,-63.1267,0.67,73,0,2.57,CA,1712801148
306,khanpur,28.6453,70.6567,25.63,24,16,5.41,PK,1712801950
307,inhambane,-23.865,35.3833,23.03,74,100,4.97,MZ,1712801950
308,yaren,-0.5472,166.916,27.59,84,100,4.37,NR,1712801950
309,catio,11.2833,-15.25,23.27,71,0,2.27,GW,1712801950
310,trevelin,-43.0858,-71.4639,3.71,46,0,0.43,AR,1712801950
311,namibe,-15.1961,12.1522,21.95,71,100,2.89,AO,1712801950
312,san patricio,28.017,-97.5169,23.8,42,0,8.63,US,1712801770
313,meulaboh,4.1363,96.1285,27.38,83,100,0.63,ID,1712801950
314,amos,48.5669,-78.1162,6.81,82,60,2.08,CA,1712801841
315,lafiagi,8.8667,5.4167,29.57,53,87,1.63,NG,1712801951
316,vorkuta,67.5,64.0,-24.6,100,100,1.78,RU,1712801951
317,vadso,70.0744,29.7487,3.09,93,100,1.54,NO,1712801951
318,freeport,40.6576,-73.5832,13.04,87,100,2.06,US,1712801902
319,galle,6.0367,80.217,27.28,75,30,3.31,LK,1712801951
320,wasagu,11.3764,5.7954,27.76,23,17,2.16,NG,1712801951
321,ezhva,61.8128,50.7283,-0.12,100,99,2.0,RU,1712801951
322,quellon,-43.1167,-73.6167,8.28,83,0,3.27,CL,1712801837
323,port blair,11.6667,92.75,30.02,84,40,1.03,IN,1712801857
324,jose bonifacio,-21.0528,-49.6883,25.3,74,100,1.52,BR,1712801952
325,pangody,65.85,74.4859,-26.15,100,100,1.56,RU,1712801952
326,kotovo,50.3211,44.8012,11.93,94,0,3.36,RU,1712801952
327,balabac,7.9868,117.0645,30.04,64,100,5.96,PH,1712801952
328,vidyayevo,69.3191,32.8049,2.33,93,100,7.47,RU,1712801952
329,at taj,24.2049,23.2857,16.33,30,75,4.13,LY,1712801952
330,petrolina,-9.3986,-40.5008,26.03,94,0,1.54,BR,1712801682
331,urumqi,43.801,87.6005,11.53,47,0,2.0,CN,1712801953
332,sabzevar,36.2126,57.6819,17.89,35,100,3.85,IR,1712801953
333,aspen,39.1911,-106.8175,5.69,28,75,2.57,US,1712801944
334,kantunilkin,21.0917,-87.45,26.4,81,6,3.43,MX,1712801953
335,sabha,27.0377,14.4283,20.11,18,100,7.95,LY,1712801953
336,qaqortoq,60.7167,-46.0333,-5.44,94,94,1.47,GL,1712801953
337,acarau,-2.8856,-40.12,25.68,90,100,3.27,BR,1712801779
338,likhoslavl',57.1275,35.464,13.81,88,100,4.69,RU,1712801953
339,inirida,3.8653,-67.9239,26.67,75,5,0.31,CO,1712801954
340,arboga,59.3939,15.8388,6.23,78,100,6.19,SE,1712801954
341,tres arroyos,-38.3739,-60.2798,12.08,60,100,1.84,AR,1712801954
342,katsuren-haebaru,26.3369,127.8719,25.21,67,0,5.14,JP,1712801954
343,arraial do cabo,-22.9661,-42.0278,25.08,88,0,5.48,BR,1712801954
344,taco pozo,-25.6167,-63.2833,17.7,95,100,5.28,AR,1712801954
345,selfoss,63.9331,-20.9971,3.25,88,100,8.69,IS,1712801954
346,rumoi,43.9344,141.6428,10.4,42,56,2.77,JP,1712801954
347,salym,60.0625,71.4789,-8.72,83,100,2.34,RU,1712801954
348,jogindarnagar,31.9833,76.7667,20.6,26,99,2.06,IN,1712801955
349,aoulef,26.9667,1.0833,23.89,26,0,6.49,DZ,1712801955
350,westport,41.1415,-73.3579,13.75,85,100,3.6,US,1712801813
351,poyarkovo,49.6,128.6833,12.09,36,0,1.74,RU,1712801955
352,pisco,-13.7,-76.2167,22.03,83,0,3.09,PE,1712801955
353,howrah,22.5892,88.3103,28.0,74,40,3.09,IN,1712801955
354,mandera,3.9366,41.867,28.39,66,40,5.07,KE,1712801955
355,vernon,50.2581,-119.2691,13.46,39,99,0.45,CA,1712801693
356,tolanaro,-25.0319,46.9987,23.13,88,15,3.61,MG,1712801955
357,kolonia,50.9333,6.95,9.34,74,0,3.09,DE,1712801886
358,pyapon,16.2833,95.6833,33.58,40,10,2.02,MM,1712801956
359,mirnyy,62.5353,113.9611,-12.09,83,100,3.58,RU,1712801956
360,crane,31.3974,-102.3501,18.3,25,0,4.33,US,1712801956
361,la passe,45.5549,-0.8967,12.21,78,100,1.94,FR,1712801956
362,sorochinsk,52.4338,53.1583,5.92,86,6,1.94,RU,1712801956
363,laojunmiao,39.8333,97.7333,13.33,13,84,5.09,CN,1712801956
364,carnarvon,-24.8667,113.6333,25.68,47,5,11.21,AU,1712801956
365,changyon,38.2508,125.0961,14.85,61,97,5.34,KP,1712801957
366,boituva,-23.2833,-47.6722,23.62,70,92,2.22,BR,1712801904
367,palikir - national government center,6.9248,158.1611,31.47,79,100,3.6,FM,1712801957
368,korla,41.7597,86.1469,16.55,23,8,5.34,CN,1712801957
369,al jawf,29.5,38.75,14.51,60,0,3.13,SA,1712801957
370,koubia,11.5833,-11.9,28.34,26,100,0.39,GN,1712801957
371,nyagan,62.1406,65.3936,-14.16,97,89,1.42,RU,1712801957
372,marka,1.7159,44.7717,28.89,73,43,3.89,SO,1712801957
373,amahai,-3.3333,128.9167,27.94,77,91,1.29,ID,1712801958
374,san pablo,14.0669,121.3258,29.33,45,83,2.55,PH,1712801956
375,west end,26.6833,-78.9667,23.99,76,64,9.48,BS,1712801958
376,pesqueira,-8.3578,-36.6964,19.92,97,70,1.89,BR,1712801958
377,catemaco,18.4167,-95.1167,20.97,86,98,2.91,MX,1712801958
378,ndjole,-0.1783,10.7649,24.71,99,100,0.88,GA,1712801958
379,brisas de zicatela,15.8369,-97.0419,27.29,83,40,2.57,MX,1712801959
380,sitka,57.0531,-135.33,2.94,87,100,2.06,US,1712801853
381,tori-fatehpur,25.45,79.1333,28.01,40,46,2.92,IN,1712801959
382,turkmenbasy,40.0222,52.9552,16.43,51,0,5.14,TM,1712801959
383,naryn,41.4287,75.9911,4.13,43,0,3.46,KG,1712801959
384,sinop,41.7711,34.8709,8.85,84,90,1.45,TR,1712801959
385,obidos,-1.9175,-55.5181,24.85,94,15,0.83,BR,1712801959
386,kingston,17.997,-76.7936,28.53,74,20,8.75,JM,1712801200
387,jinchang,38.4953,102.1739,13.56,18,27,4.46,CN,1712801960
388,rio grande,-32.035,-52.0986,20.13,74,100,8.83,BR,1712801960
389,floro,61.5996,5.0328,5.98,75,100,9.77,NO,1712801960
390,gizo,-8.103,156.8419,28.91,74,98,3.67,SB,1712801960
391,ujae,8.9322,165.7642,27.64,79,100,9.35,MH,1712801960
392,rancho palos verdes,33.7445,-118.387,25.29,77,0,3.6,US,1712801960
393,ambovombe,-25.1667,46.0833,22.91,90,53,4.96,MG,1712801960
394,yarmouth,41.7057,-70.2286,11.09,89,100,3.6,US,1712801960
395,illizi,26.4833,8.4667,23.89,16,55,4.64,DZ,1712801960
396,general levalle,-34.0147,-63.9241,9.24,90,100,2.44,AR,1712801961
397,kanye,-24.9667,25.3327,12.37,55,0,2.77,BW,1712801961
398,nacala,-14.5428,40.6728,24.94,94,100,1.53,MZ,1712801961
399,nema,57.5067,50.5011,-1.32,96,59,2.18,RU,1712801961
400,akureyri,65.6835,-18.0878,-0.04,74,100,1.03,IS,1712801961
401,greymouth,-42.4667,171.2,17.58,92,100,7.02,NZ,1712801961
402,coyhaique,-45.5752,-72.0662,3.34,87,0,1.54,CL,1712801689
403,coahuayana de hidalgo,18.7,-103.6583,20.08,92,2,0.8,MX,1712801961
404,smara,26.7384,-11.6719,28.91,17,0,6.53,EH,1712801961
405,portales,34.1862,-103.3344,14.55,36,9,0.4,US,1712801962
406,lompoc,34.6391,-120.4579,21.12,92,0,3.09,US,1712801962
407,ambon,-3.6954,128.1814,31.04,95,40,2.06,ID,1712801962
408,mammoth lakes,37.6485,-118.9721,13.4,25,0,4.12,US,1712801962
409,targuist,34.9377,-4.3186,10.52,52,31,1.55,MA,1712801962
410,sainte-marie,-20.8968,55.5496,24.09,88,20,2.57,RE,1712801962
411,chegdomyn,51.1167,133.0167,6.75,52,22,2.69,RU,1712801962
412,chibougamau,49.9168,-74.3659,4.79,60,0,3.09,CA,1712801962
413,fort mcmurray,56.7268,-111.381,4.47,69,10,2.4,CA,1712801709
414,puerto san jose,13.9256,-90.8244,28.76,72,34,1.05,GT,1712801688
415,mozhaysk,55.5019,36.0272,13.39,83,97,3.66,RU,1712801963
416,san jose del cabo,23.0589,-109.6977,23.21,59,40,3.09,MX,1712801963
417,ola,59.5833,151.2833,-2.7,61,52,1.0,RU,1712801963
418,bosobolo,4.1833,19.9,23.73,77,97,0.74,CD,1712801963
419,al kharj,24.155,47.3346,22.32,54,90,3.83,SA,1712801932
420,keflavik,64.0049,-22.5624,3.95,87,75,6.17,IS,1712801963
421,kurumkan,54.3,110.3,3.4,61,100,1.34,RU,1712801963
422,nuku'alofa,-21.1333,-175.2,28.19,78,75,6.69,TO,1712801963
423,ghadamis,30.1337,9.5007,18.74,34,20,6.56,LY,1712801964
424,sassnitz,54.5167,13.65,4.89,87,62,6.37,DE,1712801964
425,hun,29.1268,15.9477,15.51,41,100,1.26,LY,1712801964
426,kijang,35.2442,129.2139,13.51,54,100,2.64,KR,1712801731
427,gobabis,-22.45,18.9667,15.18,50,0,3.68,NA,1712801964
428,manadhoo,5.7667,73.3833,29.85,70,7,5.42,MV,1712801964
429,khilok,51.3674,110.4676,6.28,80,100,1.57,RU,1712801964
430,dabakala,8.3667,-4.4333,24.42,86,100,1.04,CI,1712801964
431,ulan bator,47.9077,106.8832,11.07,37,40,7.0,MN,1712801965
432,malindi,-3.2175,40.1191,27.99,86,100,3.8,KE,1712801965
433,talcahuano,-36.7167,-73.1167,11.2,75,5,0.95,CL,1712801925
434,prince george,53.9166,-122.753,9.58,49,100,3.6,CA,1712801878
435,luchegorsk,46.4764,134.2569,11.82,52,56,5.53,RU,1712801965
436,qazvin,36.2797,50.0049,6.79,100,100,1.03,IR,1712801965
437,quepos,9.4236,-84.1652,26.15,87,100,1.58,CR,1712801965
438,katima mulilo,-17.5,24.2667,18.81,97,98,1.33,NA,1712801965
439,mukalla,14.5425,49.1242,25.6,75,16,1.62,YE,1712801965
440,shingu,33.7333,135.9833,15.8,65,100,5.29,JP,1712801965
441,magong,23.5654,119.5863,23.22,85,99,5.94,TW,1712801966
442,antsiranana,-12.2787,49.2917,25.19,91,54,3.87,MG,1712801966
443,vorgashor,67.5833,63.95,-24.38,100,100,2.12,RU,1712801966
444,brady,31.1352,-99.3351,15.29,58,0,1.54,US,1712801966
445,victoria,22.2855,114.1577,25.8,80,82,4.47,HK,1712801741
446,al abyar,32.19,20.5965,10.7,83,0,2.76,LY,1712801966
447,pamandzi,-12.7967,45.2794,26.88,94,75,1.54,YT,1712801966
448,sarangani,5.4033,125.4636,27.18,76,55,9.06,PH,1712801966
449,kerman,30.2832,57.0788,13.92,47,20,3.09,IR,1712801967
450,puerto aysen,-45.4,-72.7,3.18,94,2,1.19,CL,1712801967
451,kamaishi,39.2667,141.8833,12.5,63,70,5.6,JP,1712801967
452,novodvinsk,64.4165,40.8122,5.99,100,100,5.15,RU,1712801967
453,bengkulu,-3.8004,102.2655,27.11,77,100,1.67,ID,1712801967
454,preobrazheniye,42.9019,133.9064,6.48,92,100,1.57,RU,1712801967
455,cova figueira,14.8905,-24.2934,16.59,78,9,5.57,CV,1712801967
456,murray bridge,-35.1167,139.2667,16.3,56,100,3.95,AU,1712801967
457,taulaga,-11.0553,-171.0883,29.77,75,9,2.95,AS,1712801968
458,tangalle,6.024,80.7911,27.74,77,82,4.35,LK,1712801968
459,abong mbang,3.9833,13.1833,21.2,94,95,0.23,CM,1712801968
460,buta,2.7858,24.73,20.88,71,95,1.35,CD,1712801968
461,al lagowa,11.4,29.1333,26.26,9,2,4.81,SD,1712801968
462,thames,-37.1333,175.5333,19.52,90,100,5.27,NZ,1712801968
463,lepsy,46.235,78.9456,10.03,76,100,2.98,KZ,1712801968
464,magdalena de kino,30.6333,-110.95,23.58,16,0,3.88,MX,1712801968
465,yangquan,37.8575,113.5633,21.42,33,0,5.12,CN,1712801732
466,tapa,59.2606,25.9586,5.29,70,6,6.19,EE,1712801969
467,kabalo,-6.05,26.9167,21.73,97,92,1.13,CD,1712801773
468,nuuk,64.1835,-51.7216,-2.66,86,100,0.0,GL,1712801847
469,ancud,-41.8697,-73.8203,8.2,75,17,2.22,CL,1712801849
470,happy valley-goose bay,53.3168,-60.3315,-1.83,74,0,1.03,CA,1712801969
471,fort st. john,56.2499,-120.8529,6.94,33,75,6.69,CA,1712801969
472,cradock,-32.1642,25.6192,10.5,80,98,4.31,ZA,1712801969
473,deder,9.3167,41.45,15.45,67,3,0.75,ET,1712801969
474,lerwick,60.1545,-1.1494,9.0,97,100,11.98,GB,1712801970
475,luuq,3.7938,42.5445,27.98,72,46,4.5,SO,1712801970
476,sinjai,-5.1241,120.253,28.86,76,100,0.46,ID,1712801970
477,ziro,27.6333,93.8333,12.41,71,40,1.68,IN,1712801970
478,ambodifotatra,-16.9833,49.85,26.79,86,100,4.25,MG,1712801970
479,tual,-5.6667,132.75,28.67,69,77,3.38,ID,1712801970
480,cururupu,-1.8283,-44.8683,23.47,100,100,0.4,BR,1712801970
481,lidkoping,58.5052,13.1577,5.01,89,70,5.66,SE,1712801970
482,contamana,-7.3333,-75.0167,26.46,72,9,1.46,PE,1712801970
483,calingasta,-31.3308,-69.4078,10.95,60,1,3.1,AR,1712801970
484,midvagur,62.0511,-7.1939,7.46,93,100,9.26,FO,1712801971
485,poronaysk,49.2167,143.1167,10.6,40,3,5.89,RU,1712801971
486,dondo,-19.6094,34.7431,25.73,93,100,4.5,MZ,1712801971
487,tabou,4.423,-7.3528,27.05,84,100,2.16,CI,1712801971
488,srandakan,-7.9386,110.2506,28.19,81,99,0.42,ID,1712801971
489,mungyeong,36.5946,128.1995,16.65,59,100,1.57,KR,1712801971
490,sirvan,39.9379,48.9286,15.31,66,100,2.58,AZ,1712801971
491,port saint john's,-31.6229,29.5448,16.59,83,74,7.28,ZA,1712801971
492,nadym,65.5333,72.5167,-24.46,98,82,1.23,RU,1712801972
493,gewane,10.1664,40.6453,27.55,59,2,1.2,ET,1712801972
494,pindiga,9.9833,10.9333,28.66,11,94,3.01,NG,1712801972
495,zuunmod,47.7069,106.9528,9.57,31,93,5.74,MN,1712801972
496,ardesen,41.1911,40.9875,13.45,80,100,1.93,TR,1712801972
497,roxas,11.5853,122.7511,27.3,62,83,5.11,PH,1712801972
498,persan,49.15,2.2667,12.93,76,100,2.57,FR,1712801972
499,kangding,30.0513,101.9603,14.03,49,15,1.08,CN,1712801972
500,taoudenni,22.6783,-3.9836,30.19,10,0,7.96,ML,1712801972
501,twin falls,42.3505,-114.6445,12.18,43,0,2.06,US,1712801856
502,nova olimpia,-14.7972,-57.2881,24.47,94,100,1.39,BR,1712801972
503,pinhao,-25.6956,-51.6597,17.92,69,100,1.23,BR,1712801973
504,kasongo-lunda,-6.4667,16.8167,21.99,97,82,0.11,CD,1712801973
505,umm kaddadah,13.6017,26.6876,23.65,11,3,6.91,SD,1712801973
506,tanabe,33.7333,135.3667,18.56,48,75,4.12,JP,1712801973
507,selkirk,50.1436,-96.8845,11.04,64,100,4.96,CA,1712801902
508,colonia,50.9333,6.95,9.34,74,0,3.09,DE,1712801886
509,nagqu,31.5,92.0,-3.28,45,36,2.46,CN,1712801973
510,ekenas,59.9736,23.4339,5.16,80,18,9.33,FI,1712801973
511,kitami,43.8031,143.8908,13.7,34,13,4.18,JP,1712801973
512,whitecourt,54.1502,-115.6855,6.96,36,85,1.76,CA,1712801717
513,mhasvad,17.6333,74.7833,29.65,25,20,4.92,IN,1712801974
514,mutuali,-14.8706,37.0044,20.86,95,69,0.75,MZ,1712801974
515,porto seguro,-16.4497,-39.0647,27.29,89,40,3.09,BR,1712801724
516,nikolayevsk-on-amure,53.1406,140.73,7.9,55,2,2.24,RU,1712801974
517,khamis mushait,18.3064,42.7292,17.58,67,0,0.0,SA,1712801974
518,las vegas,36.175,-115.1372,25.69,17,40,4.92,US,1712801792
519,cornelio procopio,-23.1811,-50.6467,24.16,63,100,1.05,BR,1712801692
520,vic-en-bigorre,43.3833,0.05,8.43,81,97,0.57,FR,1712801974
521,oxford,51.7522,-1.256,13.36,90,100,5.66,GB,1712801857
522,luena,-11.7833,19.9167,17.75,98,100,1.09,AO,1712801975
523,port augusta,-32.5,137.7667,19.87,50,0,4.48,AU,1712801975
524,prince albert,53.2001,-105.7677,5.97,61,40,4.63,CA,1712801975
525,yerofey pavlovich,53.9667,121.9667,3.73,55,32,1.91,RU,1712801975
526,ploudalmezeau,48.5333,-4.65,12.38,94,100,5.14,FR,1712801975
527,anse royale,-4.7333,55.5167,28.32,74,20,2.57,SC,1712801975
528,uige,-7.6087,15.0613,20.41,98,97,0.93,AO,1712801975
529,dongcun,36.7767,121.1597,13.79,69,1,4.98,CN,1712801975
530,timbuktu,16.7735,-3.0074,31.72,15,13,5.63,ML,1712801975
531,lodja,-3.4833,23.4333,21.83,91,96,0.17,CD,1712801976
532,tromso,69.6496,18.957,4.01,87,75,6.69,NO,1712801976
533,mana,5.6592,-53.7767,26.8,84,100,4.96,GF,1712801976
534,pekanbaru,0.5333,101.45,28.18,83,20,1.54,ID,1712801976
535,ciudad bolivar,8.1222,-63.5497,30.12,47,80,8.05,VE,1712801874
536,sidi khaled,34.387,4.9879,13.79,34,0,6.2,DZ,1712801976
537,luwuk,-0.9516,122.7875,28.42,65,100,2.14,ID,1712801976
538,alta,69.9689,23.2717,1.59,93,40,1.54,NO,1712801976
539,northam,51.0333,-4.2167,12.44,98,100,7.06,GB,1712801976
540,chelghoum el aid,36.1629,6.1665,7.32,92,0,1.3,DZ,1712801976
541,luancheng,37.8792,114.6517,19.09,46,0,2.27,CN,1712801977
542,khorugh,37.4897,71.553,-2.39,85,93,0.87,TJ,1712801977
543,kruisfontein,-34.0033,24.7314,11.6,76,70,2.25,ZA,1712801977
544,inverloch,-38.6333,145.7167,15.16,70,100,3.66,AU,1712801977
545,borba,-4.3878,-59.5939,24.73,96,92,1.14,BR,1712801977
546,bluefields,12.0137,-83.7635,26.96,79,100,3.64,NI,1712801977
547,jobabo,20.9692,-76.2994,25.01,71,72,6.73,CU,1712801977
548,miles city,46.4083,-105.8406,7.54,36,100,5.66,US,1712801852
549,gadzhiyevo,69.2551,33.3362,2.8,93,100,8.23,RU,1712801977
550,newman,37.3138,-121.0208,23.99,61,89,2.24,US,1712801978
551,mary,37.0,62.5,16.94,33,80,3.67,TM,1712801958
552,zouerate,22.7187,-12.4521,28.28,11,0,2.14,MR,1712801978
553,shixing,24.9482,114.0657,25.08,85,93,0.93,CN,1712801978
554,turner,44.2565,-70.2562,5.32,96,100,0.45,US,1712801732
555,aiquile,-18.2041,-65.1807,15.2,88,72,0.87,BO,1712801978
556,swakopmund,-22.6833,14.5333,12.47,86,0,1.54,NA,1712801978
557,maba,24.6841,113.5984,26.66,20,86,2.07,CN,1712801978
558,mahdia,35.5047,11.0622,14.97,70,97,5.02,TN,1712801978
559,dakhla,23.6848,-15.958,18.19,92,0,4.91,EH,1712801979
560,karratha,-20.7377,116.8463,29.07,51,7,6.42,AU,1712801979
561,srivilliputhur,9.5167,77.6333,27.7,69,90,2.1,IN,1712801979
562,mar del plata,-38.0023,-57.5575,14.49,69,75,7.6,AR,1712801861
563,tarawa,1.419,172.984,31.05,74,40,4.12,KI,1712801979
